timestamp,cpu_usage,memory_usage,response_time
2024-11-15 01:47:12.090185,67.64052345967664,78.33944019564697,123.3539473284936
2024-11-15 01:32:12.090198,54.00157208367223,83.38710830997296,114.40149179528893
2024-11-15 01:17:12.090201,59.787379841057394,63.66527763812094,202.30675294778425
2024-11-15 01:02:12.090203,72.40893199201457,71.57071044149926,152.08127598867193
2024-11-15 00:47:12.090206,68.67557990149967,73.42079987686101,195.95941935281294
2024-11-15 00:32:12.090209,40.22722120123589,73.02219920056649,164.80704820047765
2024-11-15 00:17:12.090211,59.50088417525589,78.11160377950586,161.46078496467175
2024-11-15 00:02:12.090214,48.48642791702302,42.72883554424646,175.95773295636354
2024-11-14 23:47:12.090216,48.96781148206442,69.26013894778642,235.17927773216942
2024-11-14 23:32:12.090218,54.10598501938372,73.58550401870147,246.45725738843456
2024-11-14 23:17:12.090219,51.44043571160878,54.995044765694416,218.55862763245196
2024-11-14 23:02:12.090221,64.54273506962976,95.10978560516065,150.50887252264403
2024-11-14 22:47:12.090222,57.610377251469934,72.42338900857251,232.18156377266692
2024-11-14 22:32:12.090224,51.216750164928285,93.45107117543394,234.44483333039662
2024-11-14 22:17:12.090225,54.43863232745426,58.14215467250384,213.73236018062224
2024-11-14 22:02:12.090227,53.33674327374267,56.390498177120094,169.81897819904546
2024-11-14 21:47:12.090228,64.94079073157606,73.36378331448523,235.44297876835702
2024-11-14 21:32:12.090230,47.94841736234199,44.81967455757015,221.14092873383308
2024-11-14 21:17:12.090231,53.13067701650901,73.2244838593914,50.0
2024-11-14 21:02:12.090233,41.45904260698275,71.45828848004378,232.2226016705521
2024-11-14 20:47:12.090234,24.470101841659215,85.23497922313152,104.31286645692465
2024-11-14 20:32:12.090236,56.53618595440361,80.51562011747646,233.17807882956907
2024-11-14 20:17:12.090237,58.64436198859506,63.73783975172449,192.29638007875823
2024-11-14 20:02:12.090238,42.57834979593558,53.53755017844633,259.6805840374599
2024-11-14 19:47:12.090240,72.69754623987608,95.68457832014946,195.09193943970348
2024-11-14 19:32:12.090241,35.45634325401235,58.11827469152275,155.66928699719438
2024-11-14 19:17:12.090243,50.45758517301446,54.317131643958014,192.6323167708578
2024-11-14 19:02:12.090246,48.128161499741665,53.727159108078325,252.99031474668874
2024-11-14 18:47:12.090248,65.32779214358457,86.75957973304997,201.31233089307938
2024-11-14 18:32:12.090250,64.69358769900285,62.21649693362722,194.28324200638116
2024-11-14 18:17:12.090251,51.54947425696916,58.69443300729099,237.17767577541684
2024-11-14 18:02:12.090252,53.781625196021736,72.06534738855021,210.51796833149064
2024-11-14 17:47:12.090254,41.12214252369887,66.89582934164063,199.7036297083384
2024-11-14 17:32:12.090255,30.19203531776073,59.828568088206296,268.3030034201666
2024-11-14 17:17:12.090257,46.52087850673848,81.30987200467719,277.75570160295337
2024-11-14 17:02:12.090258,51.5634896910398,85.97973238146992,230.66631131643504
2024-11-14 16:47:12.090259,62.30290680727721,84.779762634098,185.70204242574135
2024-11-14 16:32:12.090261,62.02379848784411,81.50379504491798,274.84554967604134
2024-11-14 16:17:12.090262,46.12673182592048,76.03938296695053,259.1559778665854
2024-11-14 16:02:12.090263,46.976972494246645,43.36168000057256,235.94485827641458
2024-11-14 15:47:12.090265,39.51447034932907,95.03876209565453,139.19617096270696
2024-11-14 15:32:12.090266,35.79982062821025,74.5298381553633,207.03359516539805
2024-11-14 15:17:12.090267,32.937298093749874,79.12234641400963,162.81639126495634
2024-11-14 15:02:12.090269,69.5077539523179,86.72443484421103,192.04938742228202
2024-11-14 14:47:12.090270,44.90347818248347,91.50028754322987,212.00284646483593
2024-11-14 14:32:12.090272,45.619256983888135,76.27597016963789,205.00797040453116
2024-11-14 14:17:12.090273,37.47204639950074,76.5331923894348,176.24124470853758
2024-11-14 14:02:12.090275,57.7749035583191,61.01163583810421,263.64768744599553
2024-11-14 13:47:12.090277,33.86102152442049,70.4963462670814,115.19343665842284
2024-11-14 13:32:12.090279,47.872597197860316,57.18758108778468,236.50917655648072
2024-11-14 13:17:12.090281,41.045334388063246,59.20089201787158,107.1258364202731
2024-11-14 13:02:12.090284,53.86902497859262,56.59638396528713,219.12990683617315
2024-11-14 12:47:12.090286,44.89194862431127,67.65964163504069,155.65478368580622
2024-11-14 12:32:12.090288,38.19367815877588,85.73639781880016,243.9151878866265
2024-11-14 12:17:12.090290,49.718177716613454,100.0,204.32262620037966
2024-11-14 12:02:12.090293,54.283318705304175,72.84249456321871,212.3853189233412
2024-11-14 11:47:12.090296,50.66517222383168,49.7738036836582,149.08603372165743
2024-11-14 11:32:12.090299,53.02471897739781,88.97474994784383,167.2714932501208
2024-11-14 11:17:12.090301,43.65677906319036,65.48824185285959,210.36086967054766
2024-11-14 11:02:12.090304,46.372588340128615,60.09087109034512,229.1784963454652
2024-11-14 10:47:12.090306,43.27539552224049,73.14774216884582,346.4548120881931
2024-11-14 10:32:12.090309,46.40446838459459,51.39063100665659,211.14291615517433
2024-11-14 10:17:12.090311,41.86853717955546,73.3369474601291,248.80187626844628
2024-11-14 10:02:12.090314,32.73717397668323,68.67436715201268,122.15330337453697
2024-11-14 09:47:12.090317,51.77426142253753,71.47566860223213,133.50540693329685
2024-11-14 09:32:12.090319,45.982190637917384,75.72124381313756,182.2252612695774
2024-11-14 09:17:12.090320,33.69801653033956,71.0123838586121,140.12861521807167
2024-11-14 09:02:12.090321,54.627822555257744,70.24507126169338,274.3199626733192
2024-11-14 08:47:12.090323,40.92701635616758,74.26471778496916,179.48906536098357
2024-11-14 08:32:12.090324,50.51945395796139,76.2310093925669,269.1090944196569
2024-11-14 08:17:12.090325,57.290905621775366,54.52776309527113,274.3391237042815
2024-11-14 08:02:12.090327,51.28982910757411,48.55013111971827,202.13898599417834
2024-11-14 07:47:12.090328,61.394006845433005,69.07542921741678,225.08998769038195
2024-11-14 07:32:12.090331,37.651741796463476,48.50896765098838,197.19502633295485
2024-11-14 07:17:12.090333,54.02341641177549,71.31297206382506,226.92185001772694
2024-11-14 07:02:12.090336,43.15189909059687,84.08120313523465,224.16709258902858
2024-11-14 06:47:12.090338,41.29202850818118,79.1066750787407,193.81751870539847
2024-11-14 06:32:12.090341,44.21150335235585,54.2774438976179,225.24849907314203
2024-11-14 06:17:12.090344,46.88447467872627,57.09606322063722,286.1848137833631
2024-11-14 06:02:12.090347,50.561653422297454,74.92451942501133,235.65081148554688
2024-11-14 05:47:12.090349,38.348501592166436,63.98053292299735,216.28998068203128
2024-11-14 05:32:12.090352,59.008264869541875,65.2501705742184,206.23847605216062
2024-11-14 05:17:12.090354,54.6566243973046,78.95359721871931,149.36634381157046
2024-11-14 05:02:12.090357,34.63756313722776,55.19069959813521,148.63515614622688
2024-11-14 04:47:12.090360,64.882521937956,63.98147935133226,216.16782657401293
2024-11-14 04:32:12.090362,68.95889176030583,57.998762858730984,131.53044379764214
2024-11-14 04:17:12.090363,61.78779571159651,54.353057529469666,161.68362005182084
2024-11-14 04:02:12.090365,48.200751641876494,57.14382716993253,264.07556701820664
2024-11-14 03:47:12.090366,39.292473784894575,80.16193254019618,295.7114848531407
2024-11-14 03:32:12.090367,60.54451726931137,70.77730584223633,116.70219616011408
2024-11-14 03:17:12.090369,45.9682305302682,56.812590567473876,281.3324781150791
2024-11-14 03:02:12.090370,62.224450703824274,66.53347588610505,189.42808545772218
2024-11-14 02:47:12.090371,52.0827497807686,45.41789039316733,199.24974564843177
2024-11-14 02:32:12.090373,59.76639036483713,59.00030788624501,194.3294184678633
2024-11-14 02:17:12.090374,53.56366397174402,100.0,254.02720635127434
2024-11-14 02:02:12.090376,57.06573168191948,68.64634225501374,119.61617104784115
2024-11-14 01:47:12.090377,50.10500020720821,80.97488390545588,222.80818056775666
2024-11-14 01:32:12.090378,67.85870493905836,69.01767437283276,152.75649013059945
2024-11-14 01:17:12.090380,51.2691209270362,75.22253852862713,228.53942646907868
2024-11-14 01:02:12.090381,54.019893634447016,79.94887134518761,277.1398169146526
2024-11-14 00:47:12.090382,68.83150697056254,53.43075103710294,199.979133679369
2024-11-14 00:32:12.090384,36.52240938857554,69.53595614089062,218.70775429854012
2024-11-14 00:17:12.090385,37.29515001514267,93.68297791624732,220.47758891188457
2024-11-14 00:02:12.090386,59.69396708158011,58.067491749200634,160.0203250164755
2024-11-13 23:47:12.090388,38.2687659488584,61.503402194016715,275.5819674942159
2024-11-13 23:32:12.090389,69.43621185649292,65.38463083949497,285.32341236304944
2024-11-13 23:17:12.090390,45.863810192402525,74.0353610976437,235.08916860585146
2024-11-13 23:02:12.090392,42.525451885592425,77.87376795468825,203.66427160038228
2024-11-13 22:47:12.090393,69.22942026480385,89.01117482227986,176.90530923228576
2024-11-13 22:32:12.090395,64.80514791434425,77.4924735020299,168.67548884254563
2024-11-13 22:17:12.090396,68.6755896042657,69.06920311302498,285.5418291273328
2024-11-13 22:02:12.090397,59.060446582753855,88.88750694416221,270.7207521364512
2024-11-13 21:47:12.090399,41.38774314945297,80.56166533212374,196.81692556052252
2024-11-13 21:32:12.090400,69.10064953099034,47.56480725614476,121.00347351644382
2024-11-13 21:17:12.090401,47.31996629048619,100.0,58.399406504550655
2024-11-13 21:02:12.090403,58.02456395796395,96.548820822951,145.828666986786
2024-11-13 20:47:12.090405,59.47251967773748,67.4767866584939,193.46898020024403
2024-11-13 20:32:12.090408,48.44989906909166,75.66865152607713,270.03445172215004
2024-11-13 20:17:12.090411,56.1407937034608,89.86538124993758,167.41718954711098
2024-11-13 20:02:12.090413,59.222066715665264,67.41698810954676,225.2407728170251
2024-11-13 19:47:12.090415,53.7642553115563,80.95527685565528,265.15904808242163
2024-11-13 19:32:12.090417,39.00599209415805,86.56867710357216,206.4268158428024
2024-11-13 19:17:12.090420,52.98238174206056,54.777611383983384,192.87760656055792
2024-11-13 19:02:12.090422,63.2638589668703,60.96502219625707,134.5618242880696
2024-11-13 18:47:12.090424,43.05432140268635,83.82112596715872,139.87623458977836
2024-11-13 18:32:12.090427,48.503654596723294,76.91221715723246,220.80498172079118
2024-11-13 18:17:12.090429,45.64846448278362,83.8569484047092,189.95462333995366
2024-11-13 18:02:12.090432,68.49263728479342,68.01147978019424,206.1265658826651
2024-11-13 17:47:12.090434,56.722947570124354,65.6649218356865,197.63611421518763
2024-11-13 17:32:12.090438,54.0746183624111,40.020407866249414,233.20720246793252
2024-11-13 17:17:12.090441,42.30083925554683,52.809993602388346,160.76562942852775
2024-11-13 17:02:12.090444,55.392491912918175,70.7059914198774,183.22096782084165
2024-11-13 16:47:12.090446,43.25667339342624,82.36835829346354,294.8091114316572
2024-11-13 16:32:12.090449,50.31830558274351,77.96767549803543,160.01069308071146
2024-11-13 16:17:12.090451,43.64153921621119,68.07637038958447,185.9212284599949
2024-11-13 16:02:12.090453,56.764332949465,65.92342650263954,170.53066490107153
2024-11-13 15:47:12.090455,55.76590816614941,73.2576944895742,222.2390681203625
2024-11-13 15:32:12.090456,47.91701244422005,71.17316771638228,251.11961612210348
2024-11-13 15:17:12.090458,53.96006712661645,91.06818272409568,175.08941907069453
2024-11-13 15:02:12.090459,39.06938491269494,72.19661155717375,178.42928294476573
2024-11-13 14:47:12.090460,35.087424072943946,47.78131056704052,186.0509197348485
2024-11-13 14:32:12.090461,54.39391701264537,50.91162797451524,226.4916891737479
2024-11-13 14:17:12.090463,51.66673495372529,92.78139005445371,163.03023487449025
2024-11-13 14:02:12.090464,56.35031436892106,52.43259307824879,181.20200170143704
2024-11-13 13:47:12.090465,73.83144774863942,81.467461795503,81.39030642434923
2024-11-13 13:32:12.090467,59.444794869904136,65.97440897185928,130.91274952525072
2024-11-13 13:17:12.090468,40.87177774555842,67.45362559146272,194.3778121990356
2024-11-13 13:02:12.090469,61.17016288095853,67.9880082584737,244.89320866015606
2024-11-13 12:47:12.090471,36.84092589488479,88.32077439188798,214.7537891650931
2024-11-13 12:32:12.090473,45.38415395185291,67.10737257184053,145.06157716663503
2024-11-13 12:17:12.090474,49.317583946753686,69.5002107573227,129.98718959360292
2024-11-13 12:02:12.090475,67.13342721649366,47.03794753900761,208.73400464490842
2024-11-13 11:47:12.090477,42.5524517795156,73.10035767562005,117.35981788735782
2024-11-13 11:32:12.090478,41.73561461340986,77.96563760467089,253.29634093584446
2024-11-13 11:17:12.090479,49.01547475574568,73.58718370980681,203.19480958250892
2024-11-13 11:02:12.090481,43.365217136378924,90.96844391630103,119.6339920382971
2024-11-13 10:47:12.090482,61.26635922106507,70.82757032170348,151.70230705790652
2024-11-13 10:32:12.090483,39.200684916365766,74.48466184178527,163.78443403844386
2024-11-13 10:17:12.090484,38.52531347588898,94.72756015402268,161.34037448882805
2024-11-13 10:02:12.090486,45.62179955255566,46.749787159627786,125.50334958892539
2024-11-13 09:47:12.090487,45.01967549307695,63.16261978300947,156.26687390055775
2024-11-13 09:32:12.090488,69.29532053816986,91.39238128028899,165.7799221929787
2024-11-13 09:17:12.090490,59.49420806925761,84.04193722466624,164.4357122194781
2024-11-13 09:02:12.090491,50.87551241385191,80.17570148260705,256.39783124666906
2024-11-13 08:47:12.090493,37.74564481169832,82.48976109196718,205.24139014136074
2024-11-13 08:32:12.090494,58.44362976401547,74.90599313681533,150.33713912812237
2024-11-13 08:17:12.090495,39.997846526104354,94.47396141298407,183.26891970229389
2024-11-13 08:02:12.090497,34.55228903222388,75.66638754596077,156.0221451344308
2024-11-13 07:47:12.090498,61.88029792352302,73.59800658842917,184.99966704941215
2024-11-13 07:32:12.090500,53.1694261192485,72.38438011188465,243.77545765706915
2024-11-13 07:17:12.090501,59.208588237808186,72.89295933325579,212.61353903060626
2024-11-13 07:02:12.090502,53.187276529430214,52.64474078776198,314.28005907640335
2024-11-13 06:47:12.090504,58.568306119026914,81.56009581695015,218.79637128837402
2024-11-13 06:32:12.090506,43.48974406699853,68.0434039932501,154.32027450114464
2024-11-13 06:17:12.090507,39.657571582155356,97.3287264679061,240.48703654072239
2024-11-13 06:02:12.090508,56.81594518281627,68.86524294117366,253.99656085712678
2024-11-13 05:47:12.090510,41.965903358261585,76.31377426263485,254.7083495721972
2024-11-13 05:32:12.090511,43.10450222249799,73.69903279392001,145.28795234824543
2024-11-13 05:17:12.090513,45.44467496482657,60.6166444733612,192.61812927425814
2024-11-13 05:02:12.090514,50.174791590250564,84.88205242777758,256.5905978414226
2024-11-13 04:47:12.090515,46.46006088746516,98.57595460840027,115.76355205630294
2024-11-13 04:32:12.090517,36.25048706581981,69.77834170510233,175.0291619488981
2024-11-13 04:17:12.090519,43.5638159716711,65.49281821621867,128.65311572865042
2024-11-13 04:02:12.090521,27.765968477755735,64.6745690341694,153.37148850514933
2024-11-13 03:47:12.090523,56.25231451027187,41.614571600239884,149.3771423628097
2024-11-13 03:32:12.090525,33.979423443932525,67.33280284445482,262.5284916271718
2024-11-13 03:17:12.090528,38.956166605715495,73.76497174012486,188.27309825456248
2024-11-13 03:02:12.090530,50.52165079260974,85.82136887770424,156.83222093291087
2024-11-13 02:47:12.090543,42.60437003608687,84.40071611724892,148.21971343077527
2024-11-13 02:32:12.090545,65.43014595406736,63.75251376344961,207.08335824357653
2024-11-13 02:17:12.090548,37.07143090276551,65.84765507839168,199.44321863296665
2024-11-13 02:02:12.090550,52.670508693491826,86.85857958421659,267.20371873367134
2024-11-13 01:47:12.090552,49.607171817725046,67.39804154390681,225.00083479286513
2024-11-13 01:32:12.090555,38.31906502258803,62.34955690366574,128.41011109674812
2024-11-13 01:17:12.090557,55.232766605317536,90.88777674151409,168.5509646204366
2024-11-13 01:02:12.090559,48.28453668777752,85.56378500575951,253.50362560354887
2024-11-13 00:47:12.090561,57.717905512136674,70.28187687661386,168.94586511493114
2024-11-13 00:32:12.090562,58.235041539637315,61.09333828331999,286.72860874618544
2024-11-13 00:17:12.090564,71.6323594928069,39.821795211329366,145.08552843376268
2024-11-13 00:02:12.090565,63.36527949436392,78.84555408362085,228.6306676520395
2024-11-12 23:47:12.090566,46.30818162057557,56.554454161717295,156.93922233006793
2024-11-12 23:32:12.090569,47.60620822424074,40.55901986288872,174.52024335268214
2024-11-12 23:17:12.090570,60.99659595887113,93.77230791023527,254.92908241155732
2024-11-12 23:02:12.090571,56.55263730722598,79.71951686514832,193.64664185807416
2024-11-12 22:47:12.090573,56.40131526097592,52.914877103245516,240.67261225570536
2024-11-12 22:32:12.090574,33.830439556891655,51.783979255611115,223.66452974573997
2024-11-12 22:17:12.090576,49.75673875601064,83.06442673257429,237.69328417811505
2024-11-12 22:02:12.090577,42.61969090794311,56.830440751961945,155.59058944572433
2024-11-12 21:47:12.090578,52.79924599043238,89.44224801291824,188.92128008979998
2024-11-12 21:32:12.090580,49.01849610357042,79.24688968939233,221.2126309050435
2024-11-12 21:17:12.090581,59.10178908092592,78.04894780850235,157.54635636531697
2024-11-12 21:02:12.090583,53.17218215191302,76.0704318342145,281.47500216161643
2024-11-12 20:47:12.090584,57.86327962108976,72.87176308035868,161.1385978922433
2024-11-12 20:32:12.090585,45.33580903264057,83.20766798765666,184.99982115311025
2024-11-12 20:17:12.090587,40.555537440817496,63.188794562265926,149.67204676028814
2024-11-12 20:02:12.090588,45.899503067974514,71.28927960151577,92.83459673806558
2024-11-12 19:47:12.090590,49.82979586138559,81.27919881515794,289.8459261287464
2024-11-12 19:32:12.090591,53.791517355550816,78.44484577879192,189.78305315484764
2024-11-12 19:17:12.090592,72.59308950690851,52.0751979209701,177.60425807922297
2024-11-12 19:02:12.090594,49.577428483393575,62.49385499043604,190.06424691646006
2024-11-12 18:47:12.090595,40.44054999507223,73.79205258128732,270.9931986098218
2024-11-12 18:32:12.090596,46.540182243006136,63.87977936440154,151.74466959677915
2024-11-12 18:17:12.090598,45.36404025353906,96.6198784146,233.97839328825413
2024-11-12 18:02:12.090599,54.81481473773462,64.10270207868831,178.81058757252617
2024-11-12 17:47:12.090600,34.592029855553754,67.56672328634964,170.1664572230845
2024-11-12 17:32:12.090602,50.632619942003316,81.54145267265956,228.35291062600913
2024-11-12 17:17:12.090603,51.56506537965375,74.95799114852373,249.41202868713484
2024-11-12 17:02:12.090604,52.32181036200276,67.82088314192846,174.30485248600422
2024-11-12 16:47:12.090606,44.026839310346375,58.65259706678877,161.5575420162595
2024-11-12 16:32:12.090607,47.62078270263993,74.52271086095149,141.54521263389864
2024-11-12 16:17:12.090608,35.75939091017469,85.58644660567589,255.17518833641878
2024-11-12 16:02:12.090609,45.066801166378056,77.18642836147343,171.2372002596941
2024-11-12 15:47:12.090611,44.57138523983282,58.32724717815817,107.54346363622744
2024-11-12 15:32:12.090613,54.16050046261425,96.05162435465067,270.4976069198073
2024-11-12 15:17:12.090614,38.438175681780876,48.30133164946159,131.5070249023529
2024-11-12 15:02:12.090615,57.81198101709993,46.25971537295817,238.97302656295307
2024-11-12 14:47:12.090617,64.94484544491368,84.40835836685842,209.17143233337623
2024-11-12 14:32:12.090618,29.300149749864673,73.38760717904034,214.39577161076392
2024-11-12 14:17:12.090619,54.26258730778101,61.757521805439396,170.7812362344339
2024-11-12 14:02:12.090621,56.76908035030245,53.52143908667006,218.2795730112318
2024-11-12 13:47:12.090622,43.625629744477706,100.0,116.61100535578814
2024-11-12 13:32:12.090623,46.02728185671202,71.75636308233163,229.40188743699065
2024-11-12 13:17:12.090624,48.671194224130446,78.01301756268657,277.850502076608
2024-11-12 13:02:12.090626,47.02209120598272,74.76827645857273,244.2013598713163
2024-11-12 12:47:12.090627,46.90987030952878,76.52211936596737,99.02299573066394
2024-11-12 12:32:12.090628,33.23996193670023,78.10141690787209,150.78954988635758
2024-11-12 12:17:12.090630,61.5233156478312,80.98636014632314,190.61025390125965
2024-11-12 12:02:12.090631,60.79618592036821,64.37166398858992,224.34686524699663
2024-11-12 11:47:12.090632,41.86635740795797,65.62537020472233,194.66736631698873
2024-11-12 11:32:12.090634,35.33575672197486,43.88465787461648,175.3392806444751
2024-11-12 11:17:12.090635,55.21064876452758,58.29543390247691,229.76501538461463
2024-11-12 11:02:12.090636,44.242120301869335,74.06669194670073,258.2075883112483
2024-11-12 10:47:12.090638,51.4195316332078,85.67535063254036,188.38529964067013
2024-11-12 10:32:12.090639,46.806715828549045,78.98559289564275,236.44649336926196
2024-11-12 10:17:12.090640,56.91538751070186,64.88961484183105,71.04746274052627
2024-11-12 10:02:12.090642,56.94749143656006,51.05240631872269,153.12453069456353
2024-11-12 09:47:12.090643,42.74402621536416,28.3396128185885,183.93705314709953
2024-11-12 09:32:12.090645,36.166360446049445,87.27600962171198,175.57168896226872
2024-11-12 09:17:12.090646,34.170616026649185,61.16156520234775,216.63991087022274
2024-11-12 09:02:12.090647,56.10379379107205,63.27302490693911,250.68752737491303
2024-11-12 08:47:12.090649,38.111407422159715,71.97360951862103,225.33345130141942
2024-11-12 08:32:12.090650,44.93183645701313,48.91659928912165,168.8887264122472
2024-11-12 08:17:12.090651,44.03685961549492,64.75326729832695,123.8615954747907
2024-11-12 08:02:12.090653,49.47432703730454,100.0,227.84820602894436
2024-11-12 07:47:12.090656,30.63720194153493,77.58080407866014,108.0911630164994
2024-11-12 07:32:12.090657,51.887785967938285,75.38873734770185,232.65186417032143
2024-11-12 07:17:12.090659,55.23891023834206,46.26258283027362,190.5775458934966
2024-11-12 07:02:12.090660,50.88422087044661,100.0,141.20825060308857
2024-11-12 06:47:12.090661,46.89113828301528,48.65807637060486,214.36286562333964
2024-11-12 06:32:12.090663,50.97400166268783,98.83487133166598,199.85619486704996
2024-11-12 06:17:12.090664,53.9904634564013,38.274159772182884,198.17013535418766
2024-11-12 06:02:12.090665,22.274072435733498,91.0804815808663,195.7888351736303
2024-11-12 05:47:12.090667,69.55912308250694,94.27081403500338,220.97620542130707
2024-11-12 05:32:12.090668,53.90093322687927,57.63386318008248,246.22170109792546
2024-11-12 05:17:12.090669,43.4759141761298,76.33870558409325,224.8307599241926
2024-11-12 05:02:12.090671,46.09046624812399,78.21220858156998,250.60665949111547
2024-11-12 04:47:12.090672,54.93741777349189,57.79308275153041,197.7930140576097
2024-11-12 04:32:12.090673,48.83896060965633,48.263235838946045,280.9229662115987
2024-11-12 04:17:12.090675,29.693155322185056,50.23423985288852,228.55549110649113
2024-11-12 04:02:12.090676,70.6449286135932,78.11512329939711,172.81529851586117
2024-11-12 03:47:12.090678,48.894593427675275,68.72326596220891,145.30524716327974
2024-11-12 03:32:12.090679,60.201727117158,61.53548450046759,210.289840186704
2024-11-12 03:17:12.090680,43.079501522156086,84.5015201674969,134.67392385386995
2024-11-12 03:02:12.090682,65.36377054245798,77.62101864087217,151.33120162216258
2024-11-12 02:47:12.090683,52.8634368889228,58.6680591045155,211.95435401867996
2024-11-12 02:32:12.090684,56.08843834475451,51.98197721473916,169.6056276859023
2024-11-12 02:17:12.090686,39.547466338530455,77.84892608032115,153.3341879886539
2024-11-12 02:02:12.090687,62.11145289682701,61.93624947162907,198.27624769558008
2024-11-12 01:47:12.090688,56.89818164534788,71.48807293797253,203.6338949551895
2024-11-12 01:32:12.090690,63.01846229564998,93.64448458941577,189.7082987390631
2024-11-12 01:17:12.090691,43.71912440358421,77.53492360112169,181.12265404703558
2024-11-12 01:02:12.090692,45.18972881539212,57.065995003701445,242.73213643562244
2024-11-12 00:47:12.090694,73.03916697683943,72.4099178472966,217.12136756434137
2024-11-12 00:32:12.090695,39.39984177278453,55.71032570776919,188.82869439026518
2024-11-12 00:17:12.090696,48.64050299321679,94.12783233923085,323.21609667576826
2024-11-12 00:02:12.090698,61.36891362602695,61.57631875595169,209.69158684642065
2024-11-11 23:47:12.090699,50.977249677148556,73.10906120460427,256.6002566838665
2024-11-11 23:32:12.090700,55.82953679753294,74.61598862019147,171.95094984341216
2024-11-11 23:17:12.090702,46.005509707371246,72.38875702560554,131.85295263959952
2024-11-11 23:02:12.090704,53.700558878475185,40.62176567295192,160.4121742178268
2024-11-11 22:47:12.090705,36.93473148264683,48.303684040250076,186.5995108300944
2024-11-11 22:32:12.090706,66.58130679618188,63.21474586646362,175.16958951352416
2024-11-11 22:17:12.090708,48.818359548714305,74.79147749997296,266.81930911613966
2024-11-11 22:02:12.090709,43.1982179600315,67.93331178571344,193.9979438951946
2024-11-11 21:47:12.090710,56.66383082031914,55.642787902734746,223.073443872057
2024-11-11 21:32:12.090712,45.39280212611447,49.77363521317449,197.67594219835547
2024-11-11 21:17:12.090713,36.65741528597246,63.97663683250985,178.32228336334163
2024-11-11 21:02:12.090714,36.53282494202445,62.97285932980415,201.89980067267575
2024-11-11 20:47:12.090716,56.937731526901324,77.69254686389135,285.7025734885366
2024-11-11 20:32:12.090717,48.40426561853733,65.10522306762523,161.60257041315924
2024-11-11 20:17:12.090719,48.662984403315605,79.04061484643995,238.34952252797757
2024-11-11 20:02:12.090720,60.77743805976263,61.08025345419392,148.6996374187109
2024-11-11 19:47:12.090721,38.73174191243257,66.16063496178597,177.01867788652805
2024-11-11 19:32:12.090723,42.69322247135175,64.77930430536071,200.17916029772917
2024-11-11 19:17:12.090724,46.15120190818725,58.264495496468655,216.31875448634952
2024-11-11 19:02:12.090725,50.94351589317074,79.37677984650595,274.1564313986907
2024-11-11 18:47:12.090727,49.57828548709421,57.79606004358239,197.49586792677323
2024-11-11 18:32:12.090728,47.13112807610092,62.17537735044071,157.8192196732037
2024-11-11 18:17:12.090729,49.38373597904353,68.90320531077704,232.50209865253848
2024-11-11 18:02:12.090731,48.92694723708826,50.5393051606489,181.7915095542122
2024-11-11 17:47:12.090732,42.80395611448207,65.12597562519251,211.93407854659176
2024-11-11 17:32:12.090733,41.870070114459224,59.33040460385817,194.1888780231124
2024-11-11 17:17:12.090735,52.745163577239396,64.17768711276625,102.82715743565886
2024-11-11 17:02:12.090736,41.09084917004472,69.10107995993364,225.41495927969865
2024-11-11 16:47:12.090737,38.42644740809146,58.00129565289003,229.16840034106494
2024-11-11 16:32:12.090738,46.87707748874307,66.69886330269466,246.33023841543027
2024-11-11 16:17:12.090740,48.42332983836184,89.63003128528268,290.0231381230114
2024-11-11 16:02:12.090741,72.56723497298209,69.6130216261827,140.2448113268262
2024-11-11 15:47:12.090742,42.952997241437664,87.17893259528837,225.82537221408796
2024-11-11 15:32:12.090744,59.43260724969495,75.19741663010142,220.46474983204777
2024-11-11 15:17:12.090745,57.47188334204632,81.61240914728225,179.04590035960888
2024-11-11 15:02:12.090746,38.11055044796264,58.38311546843761,219.85531182248894
2024-11-11 14:47:12.090748,57.732529774026,71.57360747628269,224.9823477555983
2024-11-11 14:32:12.090749,38.16119359806682,72.00869383923214,139.06580850114017
2024-11-11 14:17:12.090750,23.408277620032592,60.810613916875965,212.3111380638216
2024-11-11 14:02:12.090752,56.06319524359381,57.65757513558577,154.10078469976924
2024-11-11 13:47:12.090753,32.44109416562281,47.64601918139053,167.40717500347048
2024-11-11 13:32:12.090754,54.509344618059146,92.44209455427448,111.2627592405675
2024-11-11 13:17:12.090756,43.15989102262783,55.41395665971254,176.33195372487606
2024-11-11 13:02:12.090757,66.59550796189872,90.1933160983345,189.82146642632614
2024-11-11 12:47:12.090758,60.685093993160095,62.9876023951322,227.49284336481955
2024-11-11 12:32:12.090760,45.46614196148612,57.062600504128994,200.04499633355536
2024-11-11 12:17:12.090761,43.12162388971318,79.33778710457497,122.88559246001607
2024-11-11 12:02:12.090762,37.8592259690588,60.53212087379714,243.10740284421337
2024-11-11 11:47:12.090764,45.59077367707408,78.52688378386415,194.07066882249538
2024-11-11 11:32:12.090765,47.19644504815491,65.00782352721686,224.41852952148287
2024-11-11 11:17:12.090766,46.35306455608315,77.2063674417668,248.29680592298507
2024-11-11 11:02:12.090768,51.56703855272364,55.47720904139342,271.13023744845174
2024-11-11 10:47:12.090769,55.78521497728878,82.47026586977152,298.0613494682508
2024-11-11 10:32:12.090770,53.49654456993174,77.31959023994507,196.3880620664166
2024-11-11 10:17:12.090772,42.35856076093557,56.205239649060076,215.55622230468268
2024-11-11 10:02:12.090773,35.62208526198422,100.0,146.081945459161
2024-11-11 09:47:12.090774,63.64531848102472,78.1018453960074,253.08000850176305
2024-11-11 09:32:12.090776,43.105508154500626,100.0,140.75562777141153
2024-11-11 09:17:12.090777,43.47706400064981,94.00401728123138,109.73741556847895
2024-11-11 09:02:12.090780,44.78810687698889,67.16747829673324,241.5193002670196
2024-11-11 08:47:12.090781,31.569304498433514,63.81592368093186,173.91517375260923
2024-11-11 08:32:12.090782,45.22025995959513,63.948112248687984,238.88036406711203
2024-11-11 08:17:12.090784,45.203441859920524,42.549571743582845,220.40373246730843
2024-11-11 08:02:12.090785,56.203582983435126,59.56247320975679,118.49986744881457
2024-11-11 07:47:12.090786,56.98457149107336,73.70149035969956,64.01603178386927
2024-11-11 07:32:12.090788,50.037708890862696,92.88936341327212,145.16991264536404
2024-11-11 07:17:12.090789,59.31848374114304,58.40842175532697,200.82457434904322
2024-11-11 07:02:12.090790,53.39964983801262,83.23084899044515,138.9111832652614
2024-11-11 06:47:12.090792,49.84317888397445,51.211099877450216,167.36192753256435
2024-11-11 06:32:12.090793,51.60928168298223,61.20519962183302,127.05296347013373
2024-11-11 06:17:12.090795,48.093465064186006,63.13539108565711,208.49389798984623
2024-11-11 06:02:12.090796,46.0515048596655,75.57716622246241,204.54129635181627
2024-11-11 05:47:12.090797,47.322664631060334,76.85964470081217,175.93036879761834
2024-11-11 05:32:12.090799,38.71988668529993,84.43512617221518,269.85326506568714
2024-11-11 05:17:12.090800,52.80441705316296,81.56255440607404,274.8857513659782
2024-11-11 05:02:12.090801,40.06876389070419,73.64752323103738,228.26336012682256
2024-11-11 04:47:12.090803,58.416312640736365,75.85547415262934,110.01144092666277
2024-11-11 04:32:12.090804,47.50541419839051,93.82796036646299,144.76549263971953
2024-11-11 04:17:12.090805,50.494949816500906,62.33610728151606,220.3565165541624
2024-11-11 04:02:12.090807,54.93836776280956,81.62092478600744,168.57212098777052
2024-11-11 03:47:12.090808,56.43314465062928,42.877841102526226,175.64542841440883
2024-11-11 03:32:12.090809,34.293765913665474,76.17001364346413,244.948369729403
2024-11-11 03:17:12.090811,47.930963238360285,62.75125686281339,225.54374109462088
2024-11-11 03:02:12.090812,58.801789120807825,70.03856773647264,265.70772169069744
2024-11-11 02:47:12.090813,33.01894180567746,85.60129367580555,178.53953516767615
2024-11-11 02:32:12.090815,53.87280475395063,72.46965714289597,268.7612710223449
2024-11-11 02:17:12.090816,27.444357705978106,83.2778131181339,172.29343764577573
2024-11-11 02:02:12.090818,39.77493156364396,92.10647222707607,274.97457450693815
2024-11-11 01:47:12.090819,50.38630551840188,75.83640953298581,205.29173218083892
2024-11-11 01:32:12.090820,33.43284897678046,87.56561596930732,156.9745126445196
2024-11-11 01:17:12.090822,40.1448926231585,65.10158533481189,118.43902461732335
2024-11-11 01:02:12.090823,35.281649925364135,69.87685176595579,184.92638425691536
2024-11-11 00:47:12.090825,66.4813493220756,62.16070875402283,187.18836510022805
2024-11-11 00:32:12.090826,51.64227755487334,85.64466391969565,242.8830955061226
2024-11-11 00:17:12.090827,55.67290277852669,76.21137030690393,194.47047485958964
2024-11-11 00:02:12.090829,47.77324899484846,62.39148307157616,178.37840107107777
2024-11-10 23:47:12.090830,46.46568251242801,72.32003250469498,253.85187364737683
2024-11-10 23:32:12.090831,33.83525811348967,85.62352583227873,188.75867193649242
2024-11-10 23:17:12.090833,47.08162637252137,69.4109801344307,171.18790918865483
2024-11-10 23:02:12.090834,42.38507788188377,55.76600783725355,228.73044586462865
2024-11-10 22:47:12.090835,58.579239242923364,71.97867633681118,175.50858905763667
2024-11-10 22:32:12.090837,61.411018666575735,40.2915161339659,232.94010708457566
2024-11-10 22:17:12.090838,64.66578715574178,81.53155966599212,170.15414441084027
2024-11-10 22:02:12.090839,58.52551939461232,63.68008619012979,188.85204085148104
2024-11-10 21:47:12.090841,44.01346063077014,62.9603389558134,207.6088487794133
2024-11-10 21:32:12.090843,38.84103014039606,83.1354351816926,181.2936839867847
2024-11-10 21:17:12.090845,57.66663181645086,49.52255684162247,199.32742653213052
2024-11-10 21:02:12.090846,53.56292817472289,99.20647964230537,240.773598462003
2024-11-10 20:47:12.090847,32.314615493229695,62.79636937392665,220.53008956600237
2024-11-10 20:32:12.090849,53.55481792743769,62.15123584922657,224.04849250173118
2024-11-10 20:17:12.090850,58.14519822487866,85.31837114750745,168.22847806903664
2024-11-10 20:02:12.090851,50.5892558918163,80.6304290966564,242.6414884137184
2024-11-10 19:47:12.090853,48.149463289906585,100.0,233.47811702545414
2024-11-10 19:32:12.090854,41.923515123836445,66.8319102455272,250.22095961308125
2024-11-10 19:17:12.090855,35.53465300436612,68.19390042003386,163.6817083906949
2024-11-10 19:02:12.090857,58.002979493400275,47.81026030055119,191.37707016592714
2024-11-10 18:47:12.090858,46.908855552282915,65.01846583976763,231.67669512302
2024-11-10 18:32:12.090859,47.66533338456307,59.17853056642366,169.55924412914342
2024-11-10 18:17:12.090861,67.32721186919133,63.26849480341751,188.6938765118022
2024-11-10 18:02:12.090862,56.8450110685919,43.83718365169067,296.29028687297637
2024-11-10 17:47:12.090863,53.70825001281102,94.9091133984177,297.5880506133907
2024-11-10 17:32:12.090865,51.42061805187236,48.750947763615386,261.997027491368
2024-11-10 17:17:12.090866,65.19994860765773,27.966958024124303,246.9292568124884
2024-11-10 17:02:12.090867,67.19589307416194,52.17363367625471,149.03744252474354
2024-11-10 16:47:12.090869,59.295051114795285,60.94240670805773,225.6281115713061
2024-11-10 16:32:12.090870,55.822245913979245,52.756689051143226,182.04417024670573
2024-11-10 16:17:12.090871,29.053969287938553,86.47455311098769,147.07140511973162
2024-11-10 16:02:12.090872,51.237219142335064,67.93241232105859,174.549708070434
2024-11-10 15:47:12.090874,48.69893045806296,70.38078406609688,205.78325370231732
2024-11-10 15:32:12.090875,50.939532293855684,79.15587646458118,172.6322212850667
2024-11-10 15:17:12.090876,59.43046087322518,74.29018790467177,172.460028714658
2024-11-10 15:02:12.090878,22.603228328104436,84.67850946169065,239.6020749211487
2024-11-10 14:47:12.090879,44.30687946529815,53.35783669545782,207.2053242561616
2024-11-10 14:32:12.090881,52.69904354940761,61.78722848980853,211.6729039831159
2024-11-10 14:17:12.090882,45.331544539472375,79.98950719104306,205.59361984481492
2024-11-10 14:02:12.090883,35.830938868737405,31.98168306873655,166.21484283141746
2024-11-10 13:47:12.090885,58.68963486896796,49.372232810241385,131.4714041019656
2024-11-10 13:32:12.090886,52.76871905846128,77.5148834826992,215.52823552102393
2024-11-10 13:17:12.090887,40.28895429555516,62.79626447507612,174.64816839372781
2024-11-10 13:02:12.090889,53.14817204515824,84.04161325164546,99.46088657070611
2024-11-10 12:47:12.090890,58.21585712049796,82.13770445279744,180.37163710174238
2024-11-10 12:32:12.090892,50.05292646299361,52.02860679713443,145.38910293296883
2024-11-10 12:17:12.090893,58.00564803430997,76.09985631200321,234.93251171538776
2024-11-10 12:02:12.090894,50.78260175161661,88.02546783501259,226.081261362017
2024-11-10 11:47:12.090896,46.04771017345646,72.21151602476458,224.84465724192347
2024-11-10 11:32:12.090897,38.40579483600087,55.33802684131196,166.74791909206544
2024-11-10 11:17:12.090898,49.14069233028387,83.19084912870055,236.57757909310772
2024-11-10 11:02:12.090900,51.94292938045772,79.53136789830994,215.98248915670365
2024-11-10 10:47:12.090901,58.75832761587331,78.13916175248194,179.50727307800904
2024-11-10 10:32:12.090902,48.84892531512773,80.73908340155488,177.33312839307416
2024-11-10 10:17:12.090904,54.57415606220991,25.080807096585715,244.63540764368503
2024-11-10 10:02:12.090905,40.353879862662716,83.21406341621457,176.31979715181708
2024-11-10 09:47:12.090906,42.17370844172475,97.12197715868463,215.18282367631392
2024-11-10 09:32:12.090908,48.896107009731125,76.54957711943939,251.69784934063918
2024-11-10 09:17:12.090909,39.45371536014986,72.89093494749591,295.4671312778554
2024-11-10 09:02:12.090911,58.20247837324681,80.44658010087159,283.1936562218865
2024-11-10 08:47:12.090913,54.63130329318607,75.07338210527674,245.0411382104515
2024-11-10 08:32:12.090916,52.790957643924536,79.77671892550924,124.70443242143064
2024-11-10 08:17:12.090918,53.389041252159444,70.02206500368116,165.54757852910143
2024-11-10 08:02:12.090921,70.21043561484797,58.499427181946494,172.5956406263732
2024-11-10 07:47:12.090923,45.311358120332045,54.9351593167808,282.65749162826603
2024-11-10 07:32:12.090927,27.985587144994422,55.02712407652204,165.03410295139545
2024-11-10 07:17:12.090929,51.99300196896465,49.40436173573657,219.30831885491847
2024-11-10 07:02:12.090932,49.49396459038334,53.9838698347134,205.0433531628656
2024-11-10 06:47:12.090934,44.824809574895966,96.41899191129795,153.2436395281228
2024-11-10 06:32:12.090937,40.2117014064123,81.31143495484363,219.09120048096918
2024-11-10 06:17:12.090938,45.60810478197852,60.624589139729935,219.91480430987463
2024-11-10 06:02:12.090939,51.81338429217821,64.14410959021738,137.2112559129249
2024-11-10 05:47:12.090943,44.971832993574616,71.68836296359682,261.1438723526705
2024-11-10 05:32:12.090944,74.12453679543748,60.16682455773463,95.67449855724061
2024-11-10 05:17:12.090946,40.39495618366852,71.01275285761487,170.4621423545019
2024-11-10 05:02:12.090947,42.06882637292328,81.66406206854369,248.5985146932788
2024-11-10 04:47:12.090948,27.113799599854715,69.4638589967774,140.33710832629805
2024-11-10 04:32:12.090950,52.51484415021537,75.04023613992989,217.5132959781015
2024-11-10 04:17:12.090951,29.835933722002398,83.29737309039425,135.18198058622852
2024-11-10 04:02:12.090952,44.60545366625499,65.91802365972687,195.34879277778884
2024-11-10 03:47:12.090954,47.24329465439443,74.27185898701545,84.31134434138998
2024-11-10 03:32:12.090955,42.902720341531115,65.35933610674958,157.8714149143496
2024-11-10 03:17:12.090956,67.3887267745451,69.57206695248375,122.85392764228548
2024-11-10 03:02:12.090958,59.94394391315499,65.1290460237556,179.91181289367498
2024-11-10 02:47:12.090959,63.19136876301576,62.06695219665827,179.23843020891715
2024-11-10 02:32:12.090960,41.17581181450082,72.60567779480535,166.316791434543
2024-11-10 02:17:12.090962,61.285940645145686,78.49817973727319,239.89565982833727
2024-11-10 02:02:12.090963,54.96000946343962,72.19456669001566,155.6560198064281
2024-11-10 01:47:12.090964,57.714059486768456,77.48090437467899,231.71933365945256
2024-11-10 01:32:12.090966,60.29438828782767,58.931023296381554,281.4637884979431
2024-11-10 01:17:12.090967,40.91236754040947,51.94397211700331,206.95320751523414
2024-11-10 01:02:12.090968,45.756823790220984,76.25565254451405,157.11648977123002
2024-11-10 00:47:12.090970,58.62596011328451,80.31822086762132,137.53307425692287
2024-11-10 00:32:12.090971,23.443809070250673,70.74785899899734,164.51074499402503
2024-11-10 00:17:12.090973,65.13328082573204,90.22053670637078,235.23213603749454
2024-11-10 00:02:12.090975,55.53132064207584,83.61548196981848,207.77953674844488
2024-11-09 23:47:12.090978,49.54296039339765,100.0,246.83976081269944
2024-11-09 23:32:12.090980,52.20507655757173,66.98787229006501,238.5165439663606
2024-11-09 23:17:12.090982,39.70064716691024,55.01726805856948,207.0405325939118
2024-11-09 23:02:12.090984,46.500566354108955,58.897948138907296,223.67441308332312
2024-11-09 22:47:12.090987,61.002843382203736,61.517532904380154,292.76231047102397
2024-11-09 22:32:12.090989,62.98021972326221,77.14047075157171,270.78281130873404
2024-11-09 22:17:12.090991,76.96224052563579,37.62897154058115,184.86269915478735
2024-11-09 22:02:12.090993,49.26075333719585,89.77826527136256,249.4839720967945
2024-11-09 21:47:12.090995,43.414470331949964,66.41055113286484,229.29254029089677
2024-11-09 21:32:12.090997,44.85766034060011,66.29809663316873,256.819403876987
2024-11-09 21:17:12.090999,39.81958124712635,53.809852509625074,233.58082860179547
2024-11-09 21:02:12.091001,49.22145244059149,68.2866167282473,151.2916282478505
2024-11-09 20:47:12.091003,53.82732430012268,70.19859651501301,119.01577173136498
2024-11-09 20:32:12.091005,49.657577194680464,68.17082608599584,228.6313508602543
2024-11-09 20:17:12.091007,60.963468456657985,75.08588883913646,295.13090991849157
2024-11-09 20:02:12.091009,47.65784198655464,61.15551937073455,161.21679460300146
2024-11-09 19:47:12.091011,46.525493475014365,56.562763593837595,190.59551309751748
2024-11-09 19:32:12.091013,44.187315231396745,78.2249219574697,148.21261369023935
2024-11-09 19:17:12.091016,33.67365473765505,71.48001180723693,258.891475235283
2024-11-09 19:02:12.091018,34.32232275691546,72.95771582796051,84.74165724782397
2024-11-09 18:47:12.091020,38.208420693623125,85.88540881662949,86.81698494820958
2024-11-09 18:32:12.091021,63.014280716647605,54.66153413108972,218.75099599100767
2024-11-09 18:17:12.091023,58.9526027288993,57.17139314123704,195.8828176604324
2024-11-09 18:02:12.091024,63.749640663929895,88.85829476243491,176.01884924630968
2024-11-09 17:47:12.091025,36.67788345405498,47.75674963638936,184.94526067382932
2024-11-09 17:32:12.091027,30.3137531021398,50.35881780503479,226.8493957228181
2024-11-09 17:17:12.091028,43.399436798659174,82.26792746777494,179.30980054751674
2024-11-09 17:02:12.091030,51.75818953296028,73.57300288033058,145.1537514133443
2024-11-09 16:47:12.091031,54.98690274909828,71.57848205588914,153.63185359635168
2024-11-09 16:32:12.091032,60.47972155968053,68.62510887849425,244.41694309984211
2024-11-09 16:17:12.091034,52.84279670807214,70.46901320541355,173.762902251889
2024-11-09 16:02:12.091035,67.42668780655632,68.61831827962067,130.7361208116401
2024-11-09 15:47:12.091036,47.773943190516796,90.33164053891628,205.10891634719854
2024-11-09 15:32:12.091038,40.86920781958204,64.02777806874887,225.24973608900055
2024-11-09 15:17:12.091039,33.18781784505566,67.57939695583332,266.4480373776612
2024-11-09 15:02:12.091041,41.1102864190455,96.9167320783761,210.89516935608344
2024-11-09 14:47:12.091042,52.42117960985123,70.41264553044753,167.0144376395165
2024-11-09 14:32:12.091043,41.11279742646369,100.0,223.70039336385148
2024-11-09 14:17:12.091045,59.36742463535257,68.4253044847157,236.35874350102182
2024-11-09 14:02:12.091046,64.12327706037443,90.51122473690238,198.05473466680965
2024-11-09 13:47:12.091047,26.30413094773397,45.16983942535484,197.77003036372133
2024-11-09 13:32:12.091048,58.64052300497648,72.30466691223499,213.00664524693838
2024-11-09 13:17:12.091050,27.603959413382633,46.232896552735966,196.50717508719077
2024-11-09 13:02:12.091051,54.01499055090287,82.6668145990688,212.50569534415627
2024-11-09 12:47:12.091052,62.248705641936596,51.80698275686463,148.90433377865358
2024-11-09 12:32:12.091054,50.648561063435764,74.25654331575018,142.47811150907452
2024-11-09 12:17:12.091055,37.2031082679576,65.76706184964347,158.19443102496155
2024-11-09 12:02:12.091056,44.14568795722227,52.62695222223957,232.1105471664713
2024-11-09 11:47:12.091058,47.38354554289099,45.70960025653686,212.93987836703045
2024-11-09 11:32:12.091059,48.17755216210057,62.33439304629835,252.01194821247793
2024-11-09 11:17:12.091060,47.97103159233333,96.10944168842997,190.6654538942695
2024-11-09 11:02:12.091062,48.901172206906864,65.59772417665934,142.81793020790752
2024-11-09 10:47:12.091063,52.134800489101686,83.75832313173784,257.2276767642279
2024-11-09 10:32:12.091064,37.91426346266779,69.14435698506718,199.06164722300537
2024-11-09 10:17:12.091066,47.579801701297804,83.15090160535678,264.1727518133263
2024-11-09 10:02:12.091067,65.18261170355706,42.59632932543224,229.89732456960903
2024-11-09 09:47:12.091069,46.15354576857482,63.952175397257,309.43093394114186
2024-11-09 09:32:12.091070,45.561639068448024,84.24108285689829,189.01135071433188
2024-11-09 09:17:12.091071,60.78197303714238,67.55117576750231,245.03619525445902
2024-11-09 09:02:12.091073,24.408153336559035,68.7031707593343,244.5682053176472
2024-11-09 08:47:12.091074,61.81378601288286,63.54307132171311,172.2436827252775
2024-11-09 08:32:12.091075,43.68096241994833,87.24069075050686,191.37588414465196
2024-11-09 08:17:12.091077,51.63928572452587,74.46271530932418,126.91308288916386
2024-11-09 08:02:12.091078,50.963213559211965,70.66033414263022,122.56019314986672
2024-11-09 07:47:12.091079,59.424681192203934,79.64581818008939,206.32844007653875
2024-11-09 07:32:12.091081,47.32405253764652,78.82337393676904,239.65035353487139
2024-11-09 07:17:12.091082,43.219742184355496,73.18880569656305,231.90120167477275
2024-11-09 07:02:12.091083,62.97845790651099,93.20547245486267,217.00122991298264
2024-11-09 06:47:12.091085,26.358261828588198,69.09568699541322,243.15085765755458
2024-11-09 06:32:12.091086,50.20334181705243,74.17121571951915,170.51511021503376
2024-11-09 06:17:12.091087,36.520745773708796,60.355711699706646,186.37336257561202
2024-11-09 06:02:12.091089,42.38426611743441,72.25172840509194,236.8760756706941
2024-11-09 05:47:12.091090,70.11256681463138,93.81642285618051,221.65593647244665
2024-11-09 05:32:12.091091,49.55404573544143,60.351135973168915,189.49055931016187
2024-11-09 05:17:12.091093,51.950696971513814,52.996107615423114,266.03971930639574
2024-11-09 05:02:12.091094,32.184371442944084,84.95139464229723,135.39993744764362
2024-11-09 04:47:12.091096,42.70955341205304,67.76850771649481,174.06606563557037
2024-11-09 04:32:12.091097,51.96557400728785,71.44006307454654,185.83011127718737
2024-11-09 04:17:12.091098,53.547576931132184,69.32330044459998,240.82674398868852
2024-11-09 04:02:12.091100,56.16886554393279,71.18682585894302,200.11925989576176
2024-11-09 03:47:12.091101,50.08627898917576,82.75796025285157,136.92541266046925
2024-11-09 03:32:12.091102,55.270042084546596,57.41313714101089,225.70020899080316
2024-11-09 03:17:12.091104,54.53781912635684,54.82338873841767,254.37731577334472
2024-11-09 03:02:12.091105,31.702595889954686,71.27452205556561,236.9652266566513
2024-11-09 02:47:12.091106,50.3700572191015,45.90340465825251,230.95774608027443
2024-11-09 02:32:12.091108,57.679024077327036,49.40419695937108,106.28432516294659
2024-11-09 02:17:12.091109,55.898798207345195,98.0002472249744,155.00567616282578
2024-11-09 02:02:12.091110,46.3614119002921,81.36202495092105,224.10403043361006
2024-11-09 01:47:12.091112,41.94373492460632,69.84915292196479,197.25559076228058
2024-11-09 01:32:12.091113,38.816880756783675,88.5701040393766,226.1278800999406
2024-11-09 01:17:12.091114,48.68945988458588,54.39101154872283,136.6828661518523
2024-11-09 01:02:12.091116,61.33079879559722,65.26595314921212,196.92526178575568
2024-11-09 00:47:12.091117,30.48195898518398,79.35180414136573,130.51094905518966
2024-11-09 00:32:12.091118,43.40108270270502,83.36007522147092,102.31607186902968
2024-11-09 00:17:12.091120,38.60197544573226,77.69375270241665,214.78895442534437
2024-11-09 00:02:12.091121,57.849575212405,31.88141788467663,242.129439822849
2024-11-08 23:47:12.091122,44.45690373428699,55.47876823503133,212.2808213950888
2024-11-08 23:32:12.091124,45.293623418452086,77.15602138535297,198.3501759867667
2024-11-08 23:17:12.091125,47.83050430063351,64.6607276042979,121.89928290853669
2024-11-08 23:02:12.091127,54.45393250894797,100.0,250.30535335487735
2024-11-08 22:47:12.091128,46.076110018503634,83.89837451450644,197.79775513120293
2024-11-08 22:32:12.091129,19.538569452000733,78.37122820927999,297.9781002602884
2024-11-08 22:17:12.091130,55.4331189138752,53.24575669379915,247.11571541384833
2024-11-08 22:02:12.091132,54.39042957672042,69.47054890595626,99.74372866739259
2024-11-08 21:47:12.091133,47.804589716687865,73.61805946328428,237.7524840127944
2024-11-08 21:32:12.091155,39.159633793280655,86.91675445191703,130.17323812134214
2024-11-08 21:17:12.091157,53.517801106813586,83.21696645649449,162.0252254785468
2024-11-08 21:02:12.091158,53.792355335355865,85.49483791779919,187.4621661619925
2024-11-08 20:47:12.091160,45.29967117299125,56.14131976284997,195.2968774818698
2024-11-08 20:32:12.091161,47.83268529424461,91.18227547447947,219.87826078087332
2024-11-08 20:17:12.091162,40.698434974756786,49.293538715390966,148.8572479597893
2024-11-08 20:02:12.091164,48.21410907912671,61.961281575007575,142.46539978716766
2024-11-08 19:47:12.091165,34.49570654916519,76.46156702418462,230.0302600866538
2024-11-08 19:32:12.091166,54.17318821031836,67.75162612400291,199.33748660329866
2024-11-08 19:17:12.091168,40.556315091757064,54.90944713119413,208.71865243507628
2024-11-08 19:02:12.091169,52.38103147832312,57.676752615953006,90.315832415267
2024-11-08 18:47:12.091170,35.940370837321005,46.776185157264365,191.14313083423383
2024-11-08 18:32:12.091172,44.0994235413046,77.97961958510787,155.4635408469252
2024-11-08 18:17:12.091173,48.895105949340724,88.90853267563224,153.96868134915653
2024-11-08 18:02:12.091174,33.39300188130737,68.49409744897952,246.09674021122888
2024-11-08 17:47:12.091176,51.15147873140092,63.994767774798646,145.21643855137438
2024-11-08 17:32:12.091177,46.208524371200774,47.915156073002656,145.35516968369848
2024-11-08 17:17:12.091178,32.57643802190769,83.69802886378267,183.44946982991272
2024-11-08 17:02:12.091180,36.967572458876845,100.0,222.51444153236721
2024-11-08 16:47:12.091181,56.051200840821664,43.03816293449654,155.7992635125957
2024-11-08 16:32:12.091182,58.95555985551324,54.0485059276809,261.7072017890031
2024-11-08 16:17:12.091184,48.68091360220033,59.80610436183784,272.4923762680609
2024-11-08 16:02:12.091185,54.04761812040498,61.535231354762665,155.9276466765768
2024-11-08 15:47:12.091186,52.23843563312911,73.41018925215222,187.74591222115723
2024-11-08 15:32:12.091188,53.29622982127738,94.21374320920341,161.06622636711936
2024-11-08 15:17:12.091189,62.85984007080293,85.12895930290155,115.73089475643864
2024-11-08 15:02:12.091190,34.930016017857284,77.91396074161474,215.15055252280786
2024-11-08 14:47:12.091192,56.76460732361623,59.14106943912097,236.67974341146848
2024-11-08 14:32:12.091193,46.1799104442218,53.205576494793185,300.5932131563281
2024-11-08 14:17:12.091194,47.7574106574836,58.048370405405485,155.12952481843314
2024-11-08 14:02:12.091196,46.9775026954493,93.22100202068108,266.81175454063106
2024-11-08 13:47:12.091197,46.24852883338716,69.07385047813149,267.1176845628977
2024-11-08 13:32:12.091198,37.73803808216981,63.29745619506068,209.89266547835766
2024-11-08 13:17:12.091200,51.83339199257601,67.24366404625012,230.1081744788032
2024-11-08 13:02:12.091201,66.70943032788857,82.36927329457701,243.6636524150352
2024-11-08 12:47:12.091203,49.43866979551243,50.307254881753124,298.70499741209494
2024-11-08 12:32:12.091204,49.98614957264904,91.22311203883633,223.89042813082347
2024-11-08 12:17:12.091205,43.12700962843336,72.34714385419448,196.99310572481573
2024-11-08 12:02:12.091207,48.825254535818885,66.7548403255641,156.6915600496264
2024-11-08 11:47:12.091208,54.66166426034031,76.64269170620108,215.2660377506249
2024-11-08 11:32:12.091209,46.29757559295657,73.27595609694906,251.2082466386535
2024-11-08 11:17:12.091211,45.46195958947999,64.83705315298928,212.2305180664736
2024-11-08 11:02:12.091212,54.032645401632465,66.2093399193759,161.00383755374986
2024-11-08 10:47:12.091214,40.81995230180954,56.967061797010714,204.45381012482818
2024-11-08 10:32:12.091215,52.52496627076872,79.84586126288954,193.5423258769943
2024-11-08 10:17:12.091217,58.20321797261422,62.02009285883257,213.23693788778536
2024-11-08 10:02:12.091218,63.59948541679484,55.65612366351576,116.9075816390875
2024-11-08 09:47:12.091219,49.09617992723053,72.48795283980306,227.53943070513657
2024-11-08 09:32:12.091221,63.67597239806713,89.9371192411833,229.77115783818616
2024-11-08 09:17:12.091222,60.34409886481518,69.2748306433027,222.24267190932542
2024-11-08 09:02:12.091223,40.03787359628934,60.87848114572465,199.8118591427488
2024-11-08 08:47:12.091225,37.82061488406849,76.0584403125396,109.70318686982891
2024-11-08 08:32:12.091226,46.95036362145579,99.05068693603828,199.03386040143684
2024-11-08 08:17:12.091227,60.289354925948544,48.22141705852379,253.03574996710847
2024-11-08 08:02:12.091229,49.27712992439995,75.7330418167794,156.99355618537692
2024-11-08 07:47:12.091230,43.99342442342211,73.07629937847781,100.53652669193582
2024-11-08 07:32:12.091231,65.5224318004856,87.42300705338675,122.97210140646531
2024-11-08 07:17:12.091233,52.869044880033464,84.86363760527269,215.70128459103015
2024-11-08 07:02:12.091234,26.794057242092585,67.19936332285332,218.64380044262188
2024-11-08 06:47:12.091235,53.171606262926886,44.73224116862676,244.3146597310734
2024-11-08 06:32:12.091237,55.200406145708676,82.0984565184439,197.23705021351736
2024-11-08 06:17:12.091238,52.25608654471104,57.47210964712775,124.98358120107147
2024-11-08 06:02:12.091239,54.49712100231993,55.79889383564216,159.07479297031622
2024-11-08 05:47:12.091241,49.327243910770186,87.22525871036689,240.9419686299674
2024-11-08 05:32:12.091242,36.81604130355266,56.33724433542021,207.0247953719738
2024-11-08 05:17:12.091243,46.29295996779547,91.04267110150366,232.49148173399894
2024-11-08 05:02:12.091245,40.543842044437085,75.0376708210797,221.739440273052
2024-11-08 04:47:12.091246,40.67259089205622,74.78677600129424,189.7519724134852
2024-11-08 04:32:12.091247,37.36931650897725,74.60897170758386,191.29965812459832
2024-11-08 04:17:12.091249,54.524890926396466,45.42364561387312,292.855113487793
2024-11-08 04:02:12.091250,50.97896145412627,43.35417075480136,220.73371333046106
2024-11-08 03:47:12.091253,45.51834637319292,73.23329580683027,193.57062248418197
2024-11-08 03:32:12.091255,43.50662072269612,78.5201103883963,222.77099954684047
2024-11-08 03:17:12.091258,49.76576894978548,71.23916548234301,211.14529098121366
2024-11-08 03:02:12.091260,60.79194728112489,57.67698224470709,92.13218132527695
2024-11-08 02:47:12.091262,29.95784284501085,70.28383155823292,232.50422571861571
2024-11-08 02:32:12.091265,53.768765208508924,68.76948770281774,291.0469637044838
2024-11-08 02:17:12.091267,44.54288025982218,55.642628525868844,160.9860065804968
2024-11-08 02:02:12.091269,31.154141550205523,85.20958231168242,272.70178744195834
2024-11-08 01:47:12.091271,30.54296916836041,44.04585907674871,187.15651513340416
2024-11-08 01:32:12.091274,40.872165058647084,78.8311361021126,214.6735698824911
2024-11-08 01:17:12.091276,52.19509555793045,75.76485107816868,253.5180008486587
2024-11-08 01:02:12.091278,53.930629339800916,85.14567782217571,163.99992843545954
2024-11-08 00:47:12.091281,40.610184273222146,54.920321914767115,262.12469564092356
2024-11-08 00:32:12.091283,60.17020991413244,71.52110720002317,139.28913593203305
2024-11-08 00:17:12.091286,64.22983496516106,100.0,156.24226255430418
2024-11-08 00:02:12.091288,53.9608658495656,79.9311143349956,170.3239841326237
2024-11-07 23:47:12.091290,44.08597332191889,71.50871813093445,233.10026832259513
2024-11-07 23:32:12.091292,61.244191845103686,78.08741911171295,182.95627947152647
2024-11-07 23:17:12.091293,57.553956956633385,71.2926526357018,124.0012770207066
2024-11-07 23:02:12.091294,58.67407411354918,100.0,189.17335640750858
2024-11-07 22:47:12.091296,43.43536325028469,84.7545429368377,160.7889308732808
2024-11-07 22:32:12.091297,21.654454947252976,68.71577568654254,236.56468104201844
2024-11-07 22:17:12.091298,71.16791021483675,73.78497147076781,182.83824727724485
2024-11-07 22:02:12.091300,33.89121596550066,64.13803005878479,203.53870379503257
2024-11-07 21:47:12.091301,49.64231928139779,88.14775189615457,179.72637714296644
2024-11-07 21:32:12.091302,73.8074535121975,48.90842842913484,221.69694841151446
2024-11-07 21:17:12.091303,53.30576756274374,45.9289220520852,190.8204618264723
2024-11-07 21:02:12.091305,59.49246473558236,91.88072124513991,216.25993573435326
2024-11-07 20:47:12.091306,34.976034306182875,100.0,70.33057176291447
2024-11-07 20:32:12.091307,32.223330452662935,77.02457361534388,204.86254384888932
2024-11-07 20:17:12.091309,44.67297208020445,71.69106911853606,220.69568350551165
2024-11-07 20:02:12.091310,60.907497344345,79.85901535457165,190.0359972542704
2024-11-07 19:47:12.091311,46.5375055235269,60.294197104258615,233.46962356962706
2024-11-07 19:32:12.091313,42.053636789285015,72.56865317728318,236.93035144964102
2024-11-07 19:17:12.091314,51.979672899449675,70.58363058784323,265.21069459247514
2024-11-07 19:02:12.091316,60.819352184772654,79.39846376118041,205.24058040361408
2024-11-07 18:47:12.091317,35.55059800926628,46.63002207724905,104.30996476650094
2024-11-07 18:32:12.091318,37.89457005876648,62.39447845351994,85.72502756051774
2024-11-07 18:17:12.091320,42.11330745490634,82.67493404501256,119.90795239627413
2024-11-07 18:02:12.091321,60.94638374712091,59.866092585549055,198.1046469407932
2024-11-07 17:47:12.091322,52.34821525948732,55.09957936865297,192.13473558597173
2024-11-07 17:32:12.091324,71.32153410570444,100.0,213.81199260099868
2024-11-07 17:17:12.091325,59.36445725831116,70.57177000269101,168.7377038721413
2024-11-07 17:02:12.091326,49.6490482313033,61.316227900851885,163.17544142471257
2024-11-07 16:47:12.091328,62.65077838088766,44.61444343788837,227.7523971205217
2024-11-07 16:32:12.091329,52.11497012731878,80.9401951942064,232.7962205686251
2024-11-07 16:17:12.091330,42.95078647492555,80.4870423057804,187.16749322597596
2024-11-07 16:02:12.091332,56.799748442451026,65.51860599145095,198.07616708805233
2024-11-07 15:47:12.091333,43.036733461389176,53.46654713639364,220.21571716644956
2024-11-07 15:32:12.091334,47.09602899196133,69.63175864536431,225.21717875814971
2024-11-07 15:17:12.091336,63.277826959579826,57.46215898777568,142.800965020063
2024-11-07 15:02:12.091337,48.987185137826,55.86859616690326,164.02130720410247
2024-11-07 14:47:12.091338,41.968586126583716,68.45180872807438,138.47269771773065
2024-11-07 14:32:12.091340,45.35662308564508,54.22914402009903,174.65466925815846
2024-11-07 14:17:12.091341,60.21790585588673,73.69973432878669,240.61667946709156
2024-11-07 14:02:12.091343,44.47459326583271,79.11988764109596,227.31359334718826
2024-11-07 13:47:12.091344,46.13129153149353,57.40551329240213,145.09510198187206
2024-11-07 13:32:12.091346,44.897072603663716,49.47632356992414,225.6133363412991
2024-11-07 13:17:12.091347,51.8392549434031,93.41919398433711,204.2921552671226
2024-11-07 13:02:12.091349,46.145102396243914,55.89594646064192,175.30366464570398
2024-11-07 12:47:12.091350,33.98163951027463,60.10085942346494,129.67701724481844
2024-11-07 12:32:12.091351,41.128190581549596,73.1952575114483,191.25883141911166
2024-11-07 12:17:12.091353,40.67210958493562,78.99054058783446,233.99720030579778
2024-11-07 12:02:12.091354,62.43319384455155,66.15524659465535,91.84511758019372
2024-11-07 11:47:12.091355,58.126740421090425,76.91191491551884,180.19384011242752
2024-11-07 11:32:12.091357,55.87259379399826,63.98520763155398,312.7141849402481
2024-11-07 11:17:12.091358,44.946416827355904,55.43244002763414,233.63183592840468
2024-11-07 11:02:12.091359,41.84208458006029,91.39475291180541,212.9916247501738
2024-11-07 10:47:12.091361,44.92482398342643,100.0,163.1407415214543
2024-11-07 10:32:12.091362,39.48119897448326,95.43954299521255,166.0835081063015
2024-11-07 10:17:12.091363,74.97200391587008,72.12709958730181,195.83558021500184
2024-11-07 10:02:12.091365,27.54678351628598,97.50153042723518,280.1431814688568
2024-11-07 09:47:12.091366,55.64008535073809,75.33555273585976,223.27945954474652
2024-11-07 09:32:12.091367,37.15447702007473,62.84070594395156,156.39208011145888
2024-11-07 09:17:12.091369,48.95656508505307,76.99569361572968,258.8393481191932
2024-11-07 09:02:12.091370,40.119980575062655,68.58411240383222,185.37028964209546
2024-11-07 08:47:12.091371,38.223710375173695,55.253227243814386,284.86732405069745
2024-11-07 08:32:12.091373,38.598036990650385,56.52517042851976,171.6698487681148
2024-11-07 08:17:12.091374,67.54986153742058,82.03077608110775,149.83671215480555
2024-11-07 08:02:12.091375,48.67011577690408,42.3020202750299,208.7314788906785
2024-11-07 07:47:12.091377,42.342978055219135,79.06205110664027,249.1163491900149
2024-11-07 07:32:12.091378,55.55786964082873,45.55624595877343,251.8722398365455
2024-11-07 07:17:12.091379,50.103493145662995,38.182353326463456,207.95958833344056
2024-11-07 07:02:12.091381,57.20033759341653,42.41730094362252,150.59516560156945
2024-11-07 06:47:12.091382,31.7574334406217,99.5014595790211,174.73296390510575
2024-11-07 06:32:12.091383,53.03603904462001,67.05649052584687,99.08590658228917
2024-11-07 06:17:12.091384,57.726948371023816,71.2987477024813,154.343923121559
2024-11-07 06:02:12.091386,33.384017088854364,91.28882568866428,191.07715925513685
2024-11-07 05:47:12.091387,54.48195284423313,84.01269622749587,219.45010703267397
2024-11-07 05:32:12.091388,66.96181572828161,49.12742095893671,183.02728392676104
2024-11-07 05:17:12.091390,49.85142296645297,83.03509514228142,197.15104725111303
2024-11-07 05:02:12.091391,58.21405937024811,72.7627189705532,180.19072776250914
2024-11-07 04:47:12.091392,56.7057045031091,64.87482853606178,237.55126520948852
2024-11-07 04:32:12.091394,42.92494302489423,70.3643637120667,155.04435307867305
2024-11-07 04:17:12.091395,50.39766734586495,89.19718030942033,241.87739570731634
2024-11-07 04:02:12.091396,34.33005289138397,56.710502769385705,298.0440406256955
2024-11-07 03:47:12.091398,45.48696962897474,76.01328518656182,223.63948280109656
2024-11-07 03:32:12.091401,52.65687974966236,69.85514145200638,173.6454194887979
2024-11-07 03:17:12.091402,57.23100493737798,43.04253076906572,173.18649279566074
2024-11-07 03:02:12.091404,50.246121252479114,57.96620242403784,260.4918611092049
2024-11-07 02:47:12.091406,57.19983730143166,72.89820329850545,143.67052870640012
2024-11-07 02:32:12.091408,38.970937870446306,89.46013133639336,152.3097789863718
2024-11-07 02:17:12.091409,48.98302725445129,85.01996526020095,141.7775773064768
2024-11-07 02:02:12.091410,50.19279384513077,78.95818756605138,136.0743079739657
2024-11-07 01:47:12.091412,68.49591246679637,57.77086508295312,147.75918403100715
2024-11-07 01:32:12.091413,47.85833343799916,97.01820986212803,239.49524708927464
2024-11-07 01:17:12.091414,45.009833620058174,73.22860701459417,255.11412822940122
2024-11-07 01:02:12.091416,50.213512238435484,54.90451717482175,165.14634638199084
2024-11-07 00:47:12.091417,40.80886555130056,67.25642528714573,210.3667023022845
2024-11-07 00:32:12.091418,51.92753849065216,83.44372638034238,237.9578337554117
2024-11-07 00:17:12.091420,46.34944783453742,70.11426247477237,205.02821015485816
2024-11-07 00:02:12.091421,32.08672451958816,83.30297029874141,152.25286211913806
2024-11-06 23:47:12.091423,49.41413448866139,86.55540936193225,126.47991324309594
2024-11-06 23:32:12.091424,46.82456906069801,76.0079602689806,250.52137765627543
2024-11-06 23:17:12.091425,33.675766979320166,57.13446065429659,224.80897061441902
2024-11-06 23:02:12.091427,49.328658453854786,72.03181994784971,228.84779466993268
2024-11-06 22:47:12.091428,64.89355962074481,70.67748783908246,144.61765495494848
2024-11-06 22:32:12.091429,55.21303748275714,97.89019500777442,211.7488596444526
2024-11-06 22:17:12.091431,56.11927192731158,45.605170932597545,231.44997937284109
2024-11-06 22:02:12.091432,36.585032744169574,67.97766323358469,215.70169218235728
2024-11-06 21:47:12.091433,54.768983689222225,61.23859679807621,162.74883915961556
2024-11-06 21:32:12.091435,51.484495813800784,75.02658430293998,250.61302550326678
2024-11-06 21:17:12.091436,55.290452383344316,33.43653461200966,123.61840259106131
2024-11-06 21:02:12.091437,54.22628621708826,86.7238683923542,246.43709624034707
2024-11-06 20:47:12.091439,36.402192744961866,70.206227310033,254.05279720435368
2024-11-06 20:32:12.091440,49.585991884420324,42.32948254557931,278.61651587676124
2024-11-06 20:17:12.091441,42.42129139574834,64.58330297890201,182.87539048747786
2024-11-06 20:02:12.091443,49.49915905715178,79.13443512481786,150.02849917192398
2024-11-06 19:47:12.091444,41.0259907309817,46.12828186812953,239.694018115419
2024-11-06 19:32:12.091445,63.12470367140996,70.04833324664733,165.03923604565128
2024-11-06 19:17:12.091447,41.41027611555658,54.13789528297705,202.19977557219943
2024-11-06 19:02:12.091448,41.01057843534464,61.66022452181549,184.1268891419964
2024-11-06 18:47:12.091449,50.74586406543553,70.40107574011955,154.89640142934576
2024-11-06 18:32:12.091451,39.22900930596005,72.75175380372364,216.0499733092446
2024-11-06 18:17:12.091452,45.75336697567134,62.93886252725909,130.39920417209822
2024-11-06 18:02:12.091453,41.70035402462038,74.09194584295396,229.61028408220199
2024-11-06 17:47:12.091455,64.11172063889612,82.26966410882208,151.65344557716327
2024-11-06 17:32:12.091456,57.858038268311724,65.8162858734514,113.41343267660369
2024-11-06 17:17:12.091457,49.42530481534605,91.47351636173937,197.49462706048536
2024-11-06 17:02:12.091459,46.087829478259835,91.93321256170628,221.58169264056116
2024-11-06 16:47:12.091460,59.40917614575113,63.569469016212565,228.8467298526612
2024-11-06 16:32:12.091462,54.05204080322888,60.432391652896236,240.91768654135808
2024-11-06 16:17:12.091463,54.98052404682856,45.0374052225074,82.31798001547932
2024-11-06 16:02:12.091465,49.7380776265575,68.10146002540915,149.74277845216642
2024-11-06 15:47:12.091466,33.11769972228568,64.54843329825923,205.33261472515161
2024-11-06 15:32:12.091467,48.87534017440447,81.68576830199487,275.9501639968073
2024-11-06 15:17:12.091469,44.675100807909324,47.35507590897552,239.1872246837364
2024-11-06 15:02:12.091470,56.45055273459877,65.83912912385335,295.06700259240563
2024-11-06 14:47:12.091471,60.11842432994189,84.53116589666718,173.75302885430006
2024-11-06 14:32:12.091473,43.42048955238831,59.0446435666306,213.72084976410042
2024-11-06 14:17:12.091474,54.683852342770514,58.56457694908586,145.00145962153465
2024-11-06 14:02:12.091476,67.35878997685714,48.29589497866287,179.78238901880002
2024-11-06 13:47:12.091477,43.32287279429441,100.0,163.2352140858513
2024-11-06 13:32:12.091478,66.81921740073138,58.78790232901931,168.30056703416392
2024-11-06 13:17:12.091480,41.47414152829353,50.494797516724915,180.32754394071685
2024-11-06 13:02:12.091481,50.22959755607951,57.9422439395272,200.13587699453404
2024-11-06 12:47:12.091482,49.88854388158159,58.38557379269793,201.11063322582422
2024-11-06 12:32:12.091484,50.114988998700625,65.95915332323139,227.17267197913628
2024-11-06 12:17:12.091485,41.62321958092055,82.38058348131273,206.99942336934296
2024-11-06 12:02:12.091486,44.0881689623557,65.52515246506249,182.79771855751872
2024-11-06 11:47:12.091488,43.32279713640601,56.15765027504758,173.87107292340266
2024-11-06 11:32:12.091489,53.26962595404457,48.22992252713462,184.6434139920658
2024-11-06 11:17:12.091490,53.300351145103114,70.32786037329807,177.54814292765172
2024-11-06 11:02:12.091492,72.25944331738259,70.63808611044686,224.54855275909898
2024-11-06 10:47:12.091493,63.709890062911214,92.96398526543237,243.27625953356312
2024-11-06 10:32:12.091494,44.90156757861521,71.38671603204713,263.70222689735425
2024-11-06 10:17:12.091496,53.24869615796186,68.51487533073885,160.11486200297912
2024-11-06 10:02:12.091497,59.97117980791759,54.24019245118765,223.4686112669375
2024-11-06 09:47:12.091498,50.306018243385175,65.41071137352412,130.2660179203662
2024-11-06 09:32:12.091500,49.30358421553064,63.42288312948091,218.6587359126289
2024-11-06 09:17:12.091501,50.51574942769889,64.44753753229446,254.13361410455323
2024-11-06 09:02:12.091502,58.672766288084276,55.611169110391174,192.52052491665026
2024-11-06 08:47:12.091504,41.51679477194767,78.07494404914266,253.63180236294366
2024-11-06 08:32:12.091505,46.74330531179826,67.86331873735946,143.07160648422615
2024-11-06 08:17:12.091507,54.70433144846482,66.99469779992519,155.56773584541816
2024-11-06 08:02:12.091508,53.11447071554156,44.289308259265056,193.20950786781566
2024-11-06 07:47:12.091509,52.39582759856391,77.40466131287296,251.11051772929122
2024-11-06 07:32:12.091511,46.30198833696197,77.30522988970569,179.1285271829006
2024-11-06 07:17:12.091512,59.72535789142537,57.41305895736679,177.32234495456126
2024-11-06 07:02:12.091513,71.33868247204538,84.8518207581879,150.41858208109898
2024-11-06 06:47:12.091515,54.064154936762066,49.52862654876351,210.14405222213108
2024-11-06 06:32:12.091516,48.0682329845016,69.6719513681638,262.33475704472175
2024-11-06 06:17:12.091517,57.557402888945425,65.93188990164754,235.03400545468463
2024-11-06 06:02:12.091519,44.6086736324701,50.24237816791309,234.83253271681323
2024-11-06 05:47:12.091520,42.50309655297103,72.84553918119994,189.6512762538168
2024-11-06 05:32:12.091521,50.32808747613712,95.53855228362687,171.83453203680426
2024-11-06 05:17:12.091523,24.172033670300554,71.0145134510038,233.8622958208185
2024-11-06 05:02:12.091524,38.460496363479905,63.05467368836423,198.40444621829295
2024-11-06 04:47:12.091525,46.52038144079154,76.70536235328517,191.31958821403092
2024-11-06 04:32:12.091527,36.466111418522864,71.58579993200732,244.91203112018079
2024-11-06 04:17:12.091528,39.6735689810787,70.41643197438252,190.1106274163635
2024-11-06 04:02:12.091529,45.632516625419925,63.61686680842828,158.1111870307397
2024-11-06 03:47:12.091531,33.570347064693905,91.32963338938697,245.4594247665483
2024-11-06 03:32:12.091532,45.93928203740168,76.84545045221178,204.03599452169334
2024-11-06 03:17:12.091533,44.647298354671555,62.06994011596767,148.1485328075654
2024-11-06 03:02:12.091535,50.25405208385016,68.37994244828563,144.3547052564192
2024-11-06 02:47:12.091536,61.541840304940195,58.88699943693891,204.77059379134334
2024-11-06 02:32:12.091539,51.72504416492866,60.875632748777576,316.87048307391376
2024-11-06 02:17:12.091541,50.21062021342063,60.38911413714702,180.35896982268957
2024-11-06 02:02:12.091542,50.99454457030712,52.98532609416659,183.18630704572107
2024-11-06 01:47:12.091544,52.27392775121128,81.65915445651933,276.18855988085267
2024-11-06 01:32:12.091545,39.83261351390231,65.63437805090462,197.13594001047423
2024-11-06 01:17:12.091547,48.85224675229202,78.31191367490155,127.5766568376006
2024-11-06 01:02:12.091548,53.08751241836613,59.94811153409055,121.36017737259134
2024-11-06 00:47:12.091549,36.292400174569394,69.09456258411493,261.333198689374
2024-11-06 00:32:12.091551,58.65652922815853,59.334391048133334,233.31772711250943
2024-11-06 00:17:12.091552,60.813760344581894,80.79502255805997,241.30628542155964
2024-11-06 00:02:12.091553,43.68624011550611,66.27371039942443,197.11217208106436
2024-11-05 23:47:12.091555,47.58662208546895,59.03689621072921,163.66439870086012
2024-11-05 23:32:12.091556,41.21809657189927,45.37445156785324,189.14184421379164
2024-11-05 23:17:12.091557,56.99380483587817,74.13499824011161,206.80156086871884
2024-11-05 23:02:12.091559,39.38777712554091,59.37422421492839,158.08444221506494
2024-11-05 22:47:12.091560,47.775229897570796,69.76331174318507,228.07249547755634
2024-11-05 22:32:12.091561,41.41080092192328,62.62404837979709,137.02019156001393
2024-11-05 22:17:12.091563,50.509542770112894,84.31284371348147,183.3620617712388
2024-11-05 22:02:12.091564,32.05770728510279,78.16217128537012,189.79960637617486
2024-11-05 21:47:12.091565,63.26461642365693,76.70818131182247,165.44900934123157
2024-11-05 21:32:12.091567,40.353935757937364,60.758183150147815,89.7247322490089
2024-11-05 21:17:12.091568,50.59894683116276,76.99435065325284,222.39348320556263
2024-11-05 21:02:12.091569,47.87476955229691,95.72247413014064,162.21246197798664
2024-11-05 20:47:12.091571,42.378854880775016,57.51720948774907,266.28539796621857
2024-11-05 20:32:12.091572,41.12219863364065,72.58508708843783,182.9008861157974
2024-11-05 20:17:12.091573,59.3639854355246,45.26174538374302,172.93202057843897
2024-11-05 20:02:12.091575,44.743594068980606,90.97843138188304,204.57609733894387
2024-11-05 19:47:12.091576,52.71170184637311,64.03131852113738,252.6719874315224
2024-11-05 19:32:12.091578,41.98503114605625,81.73868321262967,171.8296168440915
2024-11-05 19:17:12.091579,43.528185681522395,44.15157623925516,250.73688474148884
2024-11-05 19:02:12.091580,54.722471500878484,96.96309080688857,272.01518205088115
2024-11-05 18:47:12.091582,59.304084961111165,64.64692707961602,249.51614053279727
2024-11-05 18:32:12.091583,48.2468359767298,78.18485985205041,281.3215745496129
2024-11-05 18:17:12.091585,35.78080128359563,72.26227309498891,264.6323010506234
2024-11-05 18:02:12.091586,69.97956079750004,66.16793820718345,275.7441146946503
2024-11-05 17:47:12.091587,41.434506917657906,95.28688453988956,280.21631597078203
2024-11-05 17:32:12.091589,34.58412600328212,45.2793069045073,210.4034764814982
2024-11-05 17:17:12.091590,75.94424587768152,74.48070489988014,178.5388050213901
2024-11-05 17:02:12.091591,45.95967706149063,83.65968508344956,86.88781823780971
2024-11-05 16:47:12.091593,35.38267311738592,69.55215817545451,133.8633440239102
2024-11-05 16:32:12.091594,43.16560233211318,68.22743823450112,177.58586004206023
2024-11-05 16:17:12.091595,53.67544896022269,67.85968431889802,180.9132456379717
2024-11-05 16:02:12.091597,51.903115575939395,51.58545369384388,192.36027682989567
2024-11-05 15:47:12.091599,41.4827080274641,70.57191076142402,149.96197548756248
2024-11-05 15:32:12.091601,68.22723600127959,77.69076285208598,120.21111942793429
2024-11-05 15:17:12.091603,44.78420322006627,71.02898841220991,193.4888416766637
2024-11-05 15:02:12.091606,38.15313409588448,65.9158584828238,190.52910355941046
2024-11-05 14:47:12.091608,59.6069339846066,62.6541246644046,159.6222979225067
2024-11-05 14:32:12.091610,63.29062846539682,65.81054996082442,162.89239191748078
2024-11-05 14:17:12.091613,41.825069023837735,88.86616326244058,152.99217040637967
2024-11-05 14:02:12.091615,35.98652706960689,38.700475308691864,180.1738130491841
2024-11-05 13:47:12.091617,60.304382674156045,70.60107184821663,157.18485865023743
2024-11-05 13:32:12.091619,29.526763869420382,65.08367624055374,262.99376657585077
2024-11-05 13:17:12.091622,37.733783406033844,91.83711927755266,212.04983660225605
2024-11-05 13:02:12.091625,59.674461500502346,70.83238338165704,151.38410409867413
2024-11-05 12:47:12.091627,49.4464745197761,92.2738839804993,185.97761092662728
2024-11-05 12:32:12.091630,47.36062651407312,38.14164972931661,140.98571968244048
2024-11-05 12:17:12.091632,53.52816606494378,76.89377357251084,250.6084147587394
2024-11-05 12:02:12.091634,48.47225576454591,74.2008679005652,269.209336229041
2024-11-05 11:47:12.091636,37.0131327783691,90.85800950610907,262.60009913765157
2024-11-05 11:32:12.091637,62.76075346006188,45.379770867654564,142.7653684378701
2024-11-05 11:17:12.091638,63.25014052886815,67.67446287822511,195.4366490136912
2024-11-05 11:02:12.091640,52.053325637779594,70.99090392679739,179.92146622435422
2024-11-05 10:47:12.091641,50.4513401543201,62.56306758182186,228.1006552957091
2024-11-05 10:32:12.091642,73.39624806020058,88.24866570614411,149.6045098358051
2024-11-05 10:17:12.091644,47.235671549841626,64.91976721831904,166.20541529994918
2024-11-05 10:02:12.091645,47.40423018165961,100.0,179.3391485824096
2024-11-05 09:47:12.091646,53.64481249240506,85.81266863408383,207.6644234566212
2024-11-05 09:32:12.091648,64.71321956142339,84.262505455057,234.70643540689431
2024-11-05 09:17:12.091649,65.92770754417484,78.38948472086327,183.56361536316962
2024-11-05 09:02:12.091650,47.41427368323229,54.04456613461678,233.1982537763111
2024-11-05 08:47:12.091652,53.08331245959345,63.53355493733864,241.1038178398569
2024-11-05 08:32:12.091653,36.21916532935923,78.59127050285824,189.33923815640895
2024-11-05 08:17:12.091654,46.88023892083787,80.16335550381575,137.71709335672017
2024-11-05 08:02:12.091656,41.59709604520694,89.60775767621885,141.44048322829298
2024-11-05 07:47:12.091657,39.93168247701016,62.98838485561141,229.5863487575784
2024-11-05 07:32:12.091658,66.81576716267327,57.097699226130054,176.18877818426654
2024-11-05 07:17:12.091660,42.07713338193855,82.88656289178296,114.36853386587724
2024-11-05 07:02:12.091661,44.68394091988545,57.85560135939831,230.64761840915003
2024-11-05 06:47:12.091662,53.65848787916858,83.09967754105618,206.47772602731095
2024-11-05 06:32:12.091664,62.97825266973585,87.99604264622556,129.7016459428686
2024-11-05 06:17:12.091665,54.811151263888355,76.84229553740583,258.97099906013227
2024-11-05 06:02:12.091666,77.59355114021582,64.63631452047103,241.83179935788746
2024-11-05 05:47:12.091668,49.25332021748851,70.6162333921582,206.93726256450896
2024-11-05 05:32:12.091669,52.58716440229746,78.90198879404859,136.28403161327915
2024-11-05 05:17:12.091670,52.756006739840565,70.15278278068111,129.88347335573584
2024-11-05 05:02:12.091672,64.35049386789154,100.0,184.64657565792817
2024-11-05 04:47:12.091673,55.072389511096155,55.13993604059276,114.30423052248553
2024-11-05 04:32:12.091674,48.837702996128506,54.959971189453135,220.25401365922426
2024-11-05 04:17:12.091676,40.52511405093121,55.34656919897012,129.45883433098317
2024-11-05 04:02:12.091677,52.444434559616326,61.156301161821766,208.24563646273492
2024-11-05 03:47:12.091678,64.01344831291959,37.31602719707636,185.5934273636637
2024-11-05 03:32:12.091680,45.89618206342129,60.55524359589728,235.5892634048522
2024-11-05 03:17:12.091681,55.28943618416582,60.200729471081665,153.1026202369256
2024-11-05 03:02:12.091682,52.46147788684844,71.17771037761264,213.6864724762362
2024-11-05 02:47:12.091684,58.63519658381315,76.26700874809123,130.25799035826782
2024-11-05 02:32:12.091685,41.952462593621306,51.396754953883445,239.77747758847033
2024-11-05 02:17:12.091686,73.46647030526562,83.50081364146108,194.25191168612525
2024-11-05 02:02:12.091688,37.208388929717415,97.0336334468582,224.7925334482715
2024-11-05 01:47:12.091689,46.344489100139626,66.87572345357505,133.9737326585984
2024-11-05 01:32:12.091690,59.38092540905646,93.61556856213357,224.95421378358833
2024-11-05 01:17:12.091692,52.96733172494113,72.98484241607781,215.31016981518542
2024-11-05 01:02:12.091693,58.299861590811034,99.83097877893087,218.18489463566814
2024-11-05 00:47:12.091695,45.03897666017438,86.75925198532286,215.6316981506993
2024-11-05 00:32:12.091697,49.25195017319659,46.54143047740351,190.3268058604826
2024-11-05 00:17:12.091698,50.12231983638817,70.27941055992034,262.06496101579955
2024-11-05 00:02:12.091699,65.69259614535905,85.81487462356117,192.20510071171483
2024-11-04 23:47:12.091701,56.90429024383049,70.45819871560926,163.04153998045857
2024-11-04 23:32:12.091702,57.96672108364672,69.446747037324,197.06369033155306
2024-11-04 23:17:12.091704,43.420739074632046,89.04647125471456,152.47410272777347
2024-11-04 23:02:12.091705,59.688826385630506,59.35218726780844,176.8001788334578
2024-11-04 22:47:12.091706,52.255816635688035,70.26273419917328,191.13766919053006
2024-11-04 22:32:12.091718,63.89145315677928,74.85438646913678,181.02229396770701
2024-11-04 22:17:12.091719,70.14060154918468,64.99313559469654,209.9698536402743
2024-11-04 22:02:12.091721,46.932342239729955,69.69806344183694,297.28806956531633
2024-11-04 21:47:12.091722,45.936968695549375,81.62534894836256,228.54749199230602
2024-11-04 21:32:12.091723,41.359550088976306,76.4925643224999,253.61503236440456
2024-11-04 21:17:12.091725,48.5642048828368,57.869237020307,174.81452813158816
2024-11-04 21:02:12.091726,46.17974551049616,53.438140213011074,170.64918557474257
2024-11-04 20:47:12.091727,53.5950439957101,58.163467296150245,181.09109765535052
2024-11-04 20:32:12.091729,48.55433183066264,70.0187268368273,242.64445486344385
2024-11-04 20:17:12.091730,46.3840071921838,67.60090318364436,92.59407608845511
2024-11-04 20:02:12.091731,60.64585136127852,57.52063760174313,148.34176123543165
2024-11-04 19:47:12.091733,40.62119768848548,61.027743212252716,205.116792341711
2024-11-04 19:32:12.091734,54.33107953151344,47.19941072211904,188.79538164685357
2024-11-04 19:17:12.091735,45.94058272811517,76.26780554825989,298.3864841071523
2024-11-04 19:02:12.091737,57.243685048699646,69.3997191197255,222.38416078713283
2024-11-04 18:47:12.091739,63.85261546722231,51.10318984892095,166.89042782347596
2024-11-04 18:32:12.091740,46.96901746575927,70.42930756281675,121.11964657303264
2024-11-04 18:17:12.091742,54.410329072731514,90.1393301576553,182.97199825310688
2024-11-04 18:02:12.091743,51.7879286573318,58.900962205521104,134.83899586607927
2024-11-04 17:47:12.091744,42.005776004569036,89.7270649858146,223.33753252092177
2024-11-04 17:32:12.091745,52.407875097419385,65.14813791274864,208.05531611208391
2024-11-04 17:17:12.091747,52.89120505278812,72.96742251774802,216.00159660463657
2024-11-04 17:02:12.091748,54.128708204461745,71.46626203633278,303.95883323975187
2024-11-04 16:47:12.091749,48.01601103179954,91.02285124007868,154.62670092898512
2024-11-04 16:32:12.091751,50.941923003101465,72.37650770178297,190.37978961020465
2024-11-04 16:17:12.091752,38.52389055156865,52.8714787119423,139.37421277555455
2024-11-04 16:02:12.091753,46.41885924520143,50.33544444338182,195.97007419249374
